Workbook
Name AddressList: CONTRACT!$A$3:$J$36
Name BillName: MDA_INVOICE!$D$7
Name CodesList: LINE_ITEM!$A$2:$E$20
Name ContractName: CONTRACT!$A$2:$A$36

Sheet MDA_INVOICE
B2: Amanda Delano, CRNA | D2: 954 Fairlong Dr NW | E2: Phone: | F2: 478-595-0136
B3: MD Anesthesia Services, LLC | D3: Acworth, GA 30101 | E3: Email: | F3: amanda_jones77@yahoo.com
C5: Invoice Date: | D5: =TODAY() -> 46037
C7: Bill To: | D7: Gainesville Urologry
C8: Address: | D8: =VLOOKUP(BillName,CONTRACT!$A$2:$J$16,3,FALSE) -> 1240 Jesse Jewell Pkwy SE
D9: =IF(VLOOKUP(BillName,CONTRACT!$A$2:$J$16,4,FALSE)="","",IF(VLOOKUP(BillName,CONTRACT!$A$2:$J$16,5,FALSE)<>"",CONCATENATE(VLOOKUP(BillName,CONTRACT!$A$2:$J$16,5,FALSE),", ",VLOOKUP(BillName,CONTRACT!$A$2:$J$16,6,FALSE)," ",VLOOKUP(BillName,CONTRACT!$A$2:$J$16,7,FALSE)))) -> Gainesville, GA 30501
C10: Contact: | D10: =VLOOKUP(BillName,CONTRACT!$A$2:$J$16,2,FALSE) -> Ambulatory Anesthesia Services, Dr. Stan Plavin
C11: Phone: | D11: =VLOOKUP(BillName,CONTRACT!$A$2:$J$16,8,FALSE) -> 404-242-6360
C12: Email: | D12: =VLOOKUP(BillName,CONTRACT!$A$2:$J$16,9,FALSE) -> splavin438@gmail.com
C15: Date | D15: Code | E15: QTY | F15: Description | G15: Amount
C16: 46027 | D16: CONTRACT AAS | E16: 4.5 | F16: =IFERROR(VLOOKUP($D16,CodesList,2,FALSE),"") -> CONTRACT RATE | G16: =IF($E16*225=0,"",$E16*225) -> 1012.5
F17: IN: 8:00AM | G17: =IF($E17*225=0,"",$E17*225)
F18: OUT: 12:30PM | G18: =IF($E18*225=0,"",$E18*225)
F19: HOURS: 4.5 | G19: =IF($E19*225=0,"",$E19*225)
C20: 46028 | D20: CONTRACT AAS | E20: 10 | F20: CONTRACT RATE | G20: =IF($E20*225=0,"",$E20*225) -> 2250
F21: IN: 7:00AM | G21: =IF($E21*225=0,"",$E21*225)
F22: OUT: 5:00PM | G22: =IF($E22*225=0,"",$E22*225)
F23: HOURS: 10.0 | G23: =IF($E23*225=0,"",$E23*225)
C24: 46030 | D24: CONTRACT AAS | E24: 5.5 | F24: CONTRACT RATE | G24: =IF($E24*225=0,"",$E24*225) -> 1237.5
F25: IN: 7:00AM | G25: =IF($E25*225=0,"",$E25*225)
F26: OUT: 12:30PM | G26: =IF($E26*225=0,"",$E26*225)
F27: HOURS: 5.5 | G27: =IF($E27*225=0,"",$E27*225)
C28: 46034 | D28: CONTRACT AAS | E28: 3 | F28: =IFERROR(VLOOKUP($D28,CodesList,2,FALSE),"") -> CONTRACT RATE | G28: =IF($E28*225=0,"",$E28*225) -> 675
F29: IN: 8:30AM | G29: =IF($E29*225=0,"",$E29*225)
F30: OUT: 12:30PM | G30: =IF($E30*225=0,"",$E30*225)
F31: HOURS: 3.0 | G31: =IF($E31*225=0,"",$E31*225)
C32: 46037 | D32: CONTRACT AAS | E32: 8.75 | F32: =IFERROR(VLOOKUP($D32,CodesList,2,FALSE),"") -> CONTRACT RATE | G32: =IF($E32*225=0,"",$E32*225) -> 1968.75
F33: IN: 7:00AM | G33: =IF($E33*225=0,"",$E33*225)
F34: Out: 3:45PM | G34: =IF($E34*225=0,"",$E34*225)
F35: HOURS: 8.75 | G35: =IF($E35*225=0,"",$E35*225)
G36: =SUM(G16:G34) -> 7143.75

Sheet CONTRACT
A1: CompanyName | B1: Contact | C1: Address | D1: Address2 | E1: City | F1: State | G1: Zip | H1: Phone | I1: Email | J1: Fax
A2: SELECT CONTRACT
A3: 1st Choice Dental | B3: Dusti Reed | C3: 10956 Highway 92 | E3: Woodstock | F3: GA | G3: 30188 | H3: 678-905-6816 | I3: Dusti@my1stchoicedentalcare.com
A4: Stockbridge Dentures and Implants | C4: 278 E. Atlanta Rd | E4: Stockbridge | F4: GA | G4: 30281 | H4: 404-999-2769
A5: Peachtree Dentures and Implants | C5: 5901 Peachtree Dunwoody Rd | E5: Atlanta | F5: GA | G5: 30328 | H5: 470-713-6770
A6: Gainesville Urologry | B6: Ambulatory Anesthesia Services, Dr. Stan Plavin | C6: 1240 Jesse Jewell Pkwy SE | E6: Gainesville | F6: GA | G6: 30501 | H6: 404-242-6360 | I6: splavin438@gmail.com
A7: Georgia Implants and Dentures | C7: 918 Market Pl Blvd | E7: Cumming | F7: GA | G7: 30041 | H7: 470-695-3071
A8: WMD | B8: Mike Delano | C8: 954 Fairlong Dr NW | D8: test | E8: Acworth | F8: GA | G8: 30101 | H8: 404-940-7218 | I8: wmdelano@gmail.com

Sheet LINE_ITEM
A1: ITEMNO | B1: DESC | C1: AMT | D1: QTY | E1: NOTES
A2: ANES8 | B2: Anesthesia Services | C2: 1300 | D2: 1 | E2: Standrd 8 hour contract rate
A3: ANES1 | B3: Anesthesia Services (Hourly) | C3: 0 | E3: Hourly rate beyond 8 hour contract day
A4: CXLNC | B4: Cancelled No Charge | C4: 0
A5: CONTRACT | B5: CONTRACT RATE | C5: 1200
A6: CONTRACT AAS | B6: CONTRACT RATE
